{
  "sprite": {
    "Story_5_Ctanlee_28.mp3": [
      0,
      3265.3061224489797
    ],
    "Story_5_Ctanlee_29.mp3": [
      4250,
      2272.6530612244906
    ],
    "Story_5_Ctanlee_30.mp3": [
      7500,
      4675.918367346938
    ],
    "Story_5_Ctanlee_31.mp3": [
      12750,
      4048.9795918367336
    ],
    "Story_5_Ctanlee_32.mp3": [
      18000,
      1697.9591836734685
    ],
    "Story_5_Ctanlee_33.mp3": [
      20250,
      1436.7346938775504
    ],
    "Story_5_Ctanlee_34.mp3": [
      22500,
      1253.877551020409
    ],
    "Story_5_Ctanlee_35.mp3": [
      24750,
      4336.326530612244
    ]
  },
  "src": [
    "episodes/sprites/episode4/chapter3/dialogue.mp3"
  ]
}
