{
  "sprite": {
    "~g/SFX_AttackSlamdown_AuditBot.mp3?sfx": [
      0,
      2586.122448979592
    ],
    "~4/CIN_BlackOutGrid.mp3?sfx": [
      3250,
      1750.2040816326528
    ],
    "~4/SFX_VisitorEscortSystem_GuestLogBook.mp3?sfx": [
      5500,
      2377.1428571428573
    ],
    "~4/SFX_VisitorEscortSystem_EscortLeash.mp3?sfx": [
      8750,
      2586.122448979591
    ],
    "~4/SFX_VisitorEscortSystem_VisitorTractorBeam.mp3?sfx": [
      12000,
      2690.6122448979595
    ],
    "~g/SFX_Level_MasterCadet.mp3?sfx": [
      15250,
      7941.224489795918
    ]
  },
  "src": [
    "episodes/sprites/episode4/chapter3/sfx.mp3"
  ]
}
