{
  "urls": [
    "./sprites/episode4/chapter3/sprite.mp3"
  ],
  "sprite": {
    "~g/MU_Attack_Music.mp3": [
      0,
      27428.571428571428
    ],
    "~4/CIN_HumanWalking.mp3": [
      28250,
      2063.673469387755
    ],
    "~g/SFX_AttackSlamdown_AuditBot.mp3": [
      31500,
      2586.1224489795945
    ],
    "~4/CIN_BlackOutGrid.mp3": [
      34750,
      1750.2040816326528
    ],
    "Story_5_Ctanlee_28.mp3": [
      37000,
      3265.306122448976
    ],
    "Story_5_Ctanlee_29.mp3": [
      41250,
      2272.6530612244887
    ],
    "Story_5_Ctanlee_30.mp3": [
      44500,
      4675.918367346938
    ],
    "Story_5_Ctanlee_31.mp3": [
      49750,
      4048.9795918367336
    ],
    "Story_5_Ctanlee_32.mp3": [
      55000,
      1697.9591836734685
    ],
    "Story_5_Ctanlee_33.mp3": [
      57250,
      1436.734693877554
    ],
    "~4/SFX_VisitorEscortSystem_GuestLogBook.mp3": [
      59500,
      2377.1428571428573
    ],
    "~4/SFX_VisitorEscortSystem_EscortLeash.mp3": [
      62750,
      2586.1224489795945
    ],
    "~4/SFX_VisitorEscortSystem_VisitorTractorBeam.mp3": [
      66000,
      2690.612244897963
    ],
    "~4/CIN_DoorOpen.mp3": [
      69250,
      1097.142857142856
    ],
    "Story_5_Ctanlee_34.mp3": [
      71500,
      1253.877551020409
    ],
    "Story_5_Ctanlee_35.mp3": [
      73750,
      4336.32653061224
    ],
    "~g/SFX_Level_MasterCadet.mp3": [
      79000,
      7941.224489795914
    ]
  }
}
