{
  "sprite": {
    "~3/CIN_TypingComputerCrash.mp3?sfx": [
      0,
      2533.877551020408
    ],
    "~3/CIN_VehicleRunning.mp3?sfx": [
      3250,
      3343.673469387755
    ],
    "~g/SFX_AttackSlamdown_MimeBot.mp3?sfx": [
      7500,
      2586.122448979591
    ],
    "~3/CIN_AssetConnection.mp3?sfx": [
      10750,
      626.9387755102046
    ],
    "~3/CIN_HumanExcited.mp3?sfx": [
      12000,
      2063.673469387755
    ],
    "~3/CIN_ComputerDialOut.mp3?sfx": [
      15250,
      5955.918367346939
    ],
    "~3/CIN_RobotHacking.mp3?sfx": [
      21500,
      2377.1428571428573
    ],
    "~3/CIN_ThrowAwayComputer.mp3?sfx": [
      24750,
      2272.6530612244887
    ],
    "~3/CIN_RobotGetComputer.mp3?sfx": [
      28000,
      1410.6122448979584
    ],
    "~3/CIN_HumanTossing.mp3?sfx": [
      30250,
      783.6734693877538
    ],
    "~g/SFX_Level_CyberCadet.mp3?sfx": [
      31500,
      7941.224489795921
    ]
  },
  "src": [
    "episodes/sprites/episode3/chapter3/sfx.mp3"
  ]
}
