{
  "sprite": {
    "~g/MU_Attack_Music.mp3": [
      0,
      27428.571428571428
    ],
    "Story_6_Sektimus_1.mp3": [
      28250,
      8489.795918367348
    ],
    "Story_6_Ctanlee_1.mp3": [
      37500,
      5825.306122448978
    ],
    "Story_6_Sektimus_2.mp3": [
      43750,
      7157.551020408164
    ],
    "Story_6_Ctanlee_2.mp3": [
      52000,
      3369.7959183673447
    ],
    "Story_6_Warcore_1.mp3": [
      56250,
      9064.489795918362
    ],
    "Story_6_Ctanlee_3.mp3": [
      66500,
      3604.897959183674
    ],
    "~g/Story_6alt_Ctanlee_1.mp3": [
      70750,
      9247.346938775507
    ],
    "~g/Story_6alt_Ctanlee_2.mp3": [
      81000,
      4048.979591836741
    ],
    "~g/Story_6alt_Warcore_1.mp3": [
      86250,
      3213.061224489792
    ],
    "~g/Story_6alt_Sektimus_1.mp3": [
      90500,
      10475.102040816324
    ],
    "~g/Story_6alt_Ctanlee_3.mp3": [
      101750,
      1671.8367346938835
    ],
    "~g/Story_6alt_Sektimus_2.mp3": [
      104000,
      16300.408163265303
    ],
    "~g/Story_6alt_Sektimus_3.mp3": [
      121250,
      10945.306122448983
    ],
    "~g/Story_6alt_Sektimus_4.mp3": [
      132500,
      14367.346938775512
    ],
    "~g/Story_6alt_Sektimus_5.mp3": [
      147750,
      12591.020408163275
    ],
    "~g/Story_6alt_Ctanlee_4.mp3": [
      161000,
      2403.265306122449
    ],
    "~g/Story_6alt_Ctanlee_5a.mp3": [
      164250,
      4728.163265306137
    ],
    "~g/Story_6alt_Ctanlee_5b.mp3": [
      169500,
      8228.571428571428
    ],
    "~g/Story_6alt_Ctanlee_5c.mp3": [
      178750,
      2455.5102040816337
    ],
    "~g/Story_6alt_Sektimus_6.mp3": [
      182000,
      2742.857142857133
    ],
    "~g/Story_6alt_Sektimus_7.mp3": [
      185250,
      4884.897959183661
    ],
    "~g/Story_6alt_Ctanlee_6.mp3": [
      190500,
      3369.7959183673447
    ],
    "~g/Story_6alt_Warcore_2.mp3": [
      194750,
      9064.489795918376
    ],
    "~g/MU_Attack_With_Defense_Music.mp3": [
      205000,
      27428.571428571417
    ],
    "Story_6_Ctanlee_4.mp3": [
      233250,
      4257.959183673478
    ],
    "Story_6_Ctanlee_5.mp3": [
      238500,
      2298.775510204081
    ],
    "Story_6_Sektimus_3.mp3": [
      241750,
      4884.897959183661
    ],
    "Story_6_Ctanlee_6.mp3": [
      247000,
      5433.469387755111
    ],
    "Story_6_Ctanlee_7.mp3": [
      253250,
      1802.4489795918441
    ],
    "Story_6_Ctanlee_8.mp3": [
      255500,
      2403.265306122421
    ],
    "Story_6_Sektimus_4.mp3": [
      258750,
      8411.428571428587
    ],
    "Story_6_Ctanlee_10.mp3": [
      268000,
      7340.408163265294
    ],
    "Story_6_Sektimus_5.mp3": [
      276250,
      5746.938775510216
    ],
    "Story_6_Ctanlee_11.mp3": [
      282500,
      3422.0408163265574
    ]
  },
  "src": [
    "episodes/sprites/episode5/chapter2/dialogue.mp3"
  ]
}
