{
  "sprite": {
    "~g/MU_Ambient_Facility.mp3?amb": [
      0,
      153312.6530612245
    ],
    "~g/MU_Attack_Music.mp3?amb": [
      154250,
      27428.571428571417
    ],
    "~g/MU_BotTronDefenseMusic.mp3?amb": [
      182500,
      33391.292517006805
    ]
  },
  "src": [
    "episodes/sprites/episode5/chapter3/amb.mp3"
  ]
}
