{
  "sprite": {
    "Story_6_Sektimus_6.mp3": [
      0,
      4728.163265306122
    ],
    "Story_6_Ctanlee_12.mp3": [
      5250,
      3526.5306122448974
    ],
    "Story_6_Sektimus_7.mp3": [
      9500,
      5851.428571428571
    ],
    "Story_6_Ctanlee_16.mp3": [
      15750,
      18181.224489795924
    ],
    "Story_6_Ctanlee_13.mp3": [
      35000,
      6060.408163265308
    ],
    "Story_6_Ctanlee_14.mp3": [
      42250,
      2351.020408163265
    ],
    "Story_6_Ctanlee_15.mp3": [
      45500,
      4205.714285714286
    ],
    "Story_6_Sektimus_8.mp3": [
      50750,
      4284.081632653063
    ],
    "Story_6_Sektimus_9.mp3": [
      56000,
      4075.102040816326
    ],
    "Story_6_Sektimus_10.mp3": [
      61250,
      13035.102040816326
    ],
    "Story_6_Sektimus_11.mp3": [
      75500,
      4597.551020408162
    ],
    "Story_6_Sektimus_12.mp3": [
      80750,
      9665.306122448981
    ],
    "Story_6_Ctanlee_17.mp3": [
      91000,
      8672.653061224495
    ],
    "Story_7_Ctanlee_1.mp3": [
      100250,
      3082.448979591831
    ],
    "Story_7_Warcore_1.mp3": [
      104500,
      1985.306122448975
    ],
    "Story_7_Ctanlee_2.mp3": [
      106750,
      2168.16326530612
    ],
    "Story_7_Ctanlee_3.mp3": [
      110000,
      3265.306122448976
    ],
    "Story_7_Ctanlee_4.mp3": [
      114250,
      3552.6530612244896
    ],
    "Story_7_Ctanlee_5.mp3": [
      118500,
      7497.142857142861
    ],
    "Story_7_Ctanlee_6.mp3": [
      126750,
      7497.142857142848
    ],
    "Story_7_Ctanlee_7.mp3": [
      135000,
      3474.2857142857133
    ],
    "Story_7_Ctanlee_8.mp3": [
      139250,
      3474.2857142857133
    ],
    "Story_7_Ctanlee_9.mp3": [
      143500,
      6112.653061224478
    ],
    "Story_7_Ctanlee_10.mp3": [
      150750,
      6295.510204081637
    ]
  },
  "src": [
    "episodes/sprites/episode5/chapter3/dialogue.mp3"
  ]
}
