{
  "sprite": {
    "~5/CIN_FacilityRecovery.mp3?sfx": [
      0,
      12669.38775510204
    ],
    "~5/SFX_Brit_Defense.mp3?sfx": [
      13250,
      19278.36734693878
    ],
    "~5/SFX_Speeder_Defense.mp3?sfx": [
      33500,
      25155.91836734694
    ],
    "~5/SFX_Kinetic_Defense.mp3?sfx": [
      59750,
      21420.408163265307
    ],
    "~g/SFX_Level_Defender.mp3?sfx": [
      82000,
      7941.224489795914
    ]
  },
  "src": [
    "episodes/sprites/episode5/chapter3/sfx.mp3"
  ]
}
