{
  "urls": [
    "./episodes/sprites/episode5/chapter3/sprite.mp3"
  ],
  "sprite": {
    "~g/MU_Attack_Music.mp3": [
      0,
      27428.571428571428
    ],
    "~5/CIN_FacilityRecovery.mp3": [
      28250,
      12669.387755102036
    ],
    "Story_6_Sektimus_6.mp3": [
      41500,
      4728.163265306122
    ],
    "Story_6_Ctanlee_12.mp3": [
      46750,
      3526.5306122448974
    ],
    "Story_6_Sektimus_7.mp3": [
      51000,
      5851.428571428571
    ],
    "Story_6_Ctanlee_16.mp3": [
      57250,
      18181.224489795924
    ],
    "Story_6_Ctanlee_13.mp3": [
      76500,
      6060.408163265308
    ],
    "Story_6_Ctanlee_14.mp3": [
      83750,
      2351.020408163265
    ],
    "Story_6_Ctanlee_15.mp3": [
      87000,
      4205.714285714279
    ],
    "~5/SFX_Brit_Defense.mp3": [
      92250,
      19278.36734693878
    ],
    "~5/SFX_Speeder_Defense.mp3": [
      112500,
      25155.91836734694
    ],
    "~5/SFX_Kinetic_Defense.mp3": [
      138750,
      21420.408163265307
    ],
    "~g/MU_BotTronDefenseMusic.mp3": [
      161000,
      33391.292517006805
    ],
    "Story_6_Sektimus_8.mp3": [
      195250,
      4284.081632653056
    ],
    "Story_6_Sektimus_9.mp3": [
      200500,
      4075.1020408163185
    ],
    "Story_6_Sektimus_10.mp3": [
      205750,
      13035.102040816326
    ],
    "Story_6_Sektimus_11.mp3": [
      220000,
      4597.551020408162
    ],
    "Story_6_Sektimus_12.mp3": [
      225250,
      9665.306122448981
    ],
    "Story_6_Ctanlee_17.mp3": [
      235500,
      8672.65306122448
    ],
    "Story_7_Ctanlee_1.mp3": [
      244750,
      3082.4489795918453
    ],
    "Story_7_Warcore_1.mp3": [
      249000,
      1985.306122448975
    ],
    "~g/SFX_Level_Defender.mp3": [
      251250,
      7941.2244897959
    ],
    "Story_7_Ctanlee_2.mp3": [
      259500,
      2168.1632653061342
    ],
    "Story_7_Ctanlee_3.mp3": [
      262750,
      3265.306122448976
    ],
    "Story_7_Ctanlee_4.mp3": [
      267000,
      3552.6530612244756
    ],
    "Story_7_Ctanlee_5.mp3": [
      271250,
      7497.142857142876
    ],
    "Story_7_Ctanlee_6.mp3": [
      279500,
      7497.142857142876
    ],
    "Story_7_Ctanlee_7.mp3": [
      287750,
      3474.2857142857133
    ],
    "Story_7_Ctanlee_8.mp3": [
      292000,
      3474.2857142857133
    ],
    "Story_7_Ctanlee_9.mp3": [
      296250,
      6112.653061224478
    ],
    "Story_7_Ctanlee_10.mp3": [
      303500,
      6295.510204081609
    ]
  }
}
