{
  "sprite": {
    "~g/MU_Attack_Music.mp3": [
      0,
      27428.571428571428
    ],
    "Story_6_Sektimus_6.mp3": [
      28250,
      4728.163265306122
    ],
    "Story_6_Ctanlee_12.mp3": [
      33500,
      3526.5306122448974
    ],
    "Story_6_Sektimus_7.mp3": [
      37750,
      5851.428571428571
    ],
    "Story_6_Ctanlee_16.mp3": [
      44000,
      18181.224489795924
    ],
    "Story_6_Ctanlee_13.mp3": [
      63250,
      6060.408163265308
    ],
    "Story_6_Ctanlee_14.mp3": [
      70500,
      2351.020408163265
    ],
    "Story_6_Ctanlee_15.mp3": [
      73750,
      4205.714285714279
    ],
    "~5/SFX_Brit_Defense.mp3": [
      79000,
      19278.36734693878
    ],
    "~5/SFX_Speeder_Defense.mp3": [
      99250,
      25155.91836734694
    ],
    "~5/SFX_Kinetic_Defense.mp3": [
      125500,
      21420.408163265307
    ],
    "~g/MU_BotTronDefenseMusic.mp3": [
      147750,
      33391.292517006805
    ],
    "Story_6_Sektimus_8.mp3": [
      182000,
      4284.081632653056
    ],
    "Story_6_Sektimus_9.mp3": [
      187250,
      4075.1020408163185
    ],
    "Story_6_Sektimus_10.mp3": [
      192500,
      13035.102040816326
    ],
    "Story_6_Sektimus_11.mp3": [
      206750,
      4597.551020408162
    ],
    "Story_6_Sektimus_12.mp3": [
      212000,
      9665.306122448981
    ],
    "Story_6_Ctanlee_17.mp3": [
      222250,
      8672.65306122448
    ],
    "Story_7_Ctanlee_1.mp3": [
      231500,
      3082.4489795918453
    ],
    "Story_7_Warcore_1.mp3": [
      235750,
      1985.306122448975
    ],
    "Story_7_Ctanlee_2.mp3": [
      238000,
      2168.1632653061342
    ],
    "Story_7_Ctanlee_3.mp3": [
      241250,
      3265.306122448976
    ],
    "Story_7_Ctanlee_4.mp3": [
      245500,
      3552.6530612244756
    ],
    "Story_7_Ctanlee_5.mp3": [
      249750,
      7497.142857142876
    ],
    "Story_7_Ctanlee_6.mp3": [
      258000,
      7497.142857142876
    ],
    "Story_7_Ctanlee_7.mp3": [
      266250,
      3474.2857142857133
    ],
    "Story_7_Ctanlee_8.mp3": [
      270500,
      3474.2857142857133
    ],
    "Story_7_Ctanlee_9.mp3": [
      274750,
      6112.653061224478
    ],
    "Story_7_Ctanlee_10.mp3": [
      282000,
      6295.510204081609
    ]
  },
  "src": [
    "episodes/sprites/episode5/chapter3/dialogue.mp3"
  ]
}
