{
  "sprite": {
    "~g/SFX_AttackSlamdown_KettleHead.mp3?sfx": [
      0,
      4571.428571428572
    ],
    "~2/CIN_PhysicalAttack_Screams.mp3?sfx": [
      5250,
      2063.673469387755
    ],
    "~2/CIN_PhysicalAttack_ServerCrash.mp3?sfx": [
      8500,
      2037.551020408163
    ],
    "~2/CIN_PhysicalAttack_DoorRipAndCrash.mp3?sfx": [
      11750,
      2037.551020408163
    ],
    "~2/CIN_PhysicalDefense_Klaxon.mp3?sfx": [
      15000,
      2063.673469387755
    ],
    "~2/CIN_PhysicalDefense_Laser.mp3?sfx": [
      18250,
      1253.877551020409
    ],
    "~2/CIN_PhysicalDefense_BlastedRobot.mp3?sfx": [
      20500,
      2063.673469387755
    ]
  },
  "src": [
    "episodes/sprites/episode2/chapter1/sfx.mp3"
  ]
}
