{
  "sprite": {
    "~g/SFX_AttackSlamdown_KettleHead.mp3?sfx": [
      0,
      4571.428571428572
    ],
    "~2/CIN_PhysicalAttack_Screams.mp3?sfx": [
      5250,
      2063.673469387755
    ],
    "~2/CIN_PhysicalAttack_ServerCrash.mp3?sfx": [
      8500,
      2037.551020408163
    ],
    "~2/SFX_PhysicalAccessControlSystem_TheCardGuardXT.mp3?sfx": [
      11750,
      2690.6122448979595
    ],
    "~2/SFX_PhysicalAccessControlSystem_HAL9000EyeScanner.mp3?sfx": [
      15000,
      3813.8775510204077
    ],
    "~2/SFX_PhysicalAccessControlSystem_WateryGraveKrakenSensor.mp3?sfx": [
      19250,
      2690.6122448979595
    ],
    "~2/CIN_PhysicalAttack_DoorRipAndCrash.mp3?sfx": [
      22500,
      2037.551020408163
    ],
    "~2/CIN_PhysicalDefense_Klaxon.mp3?sfx": [
      25750,
      2063.673469387755
    ],
    "~2/CIN_PhysicalDefense_Laser.mp3?sfx": [
      29000,
      1253.877551020409
    ]
  },
  "src": [
    "episodes/sprites/episode2/chapter1/sfx.mp3"
  ]
}
