{
  "sprite": {
    "Story_4_Ctanlee_1.mp3": [
      0,
      3030.204081632653
    ],
    "Story_4_Ctanlee_2.mp3": [
      4250,
      5172.244897959184
    ],
    "Story_4_Ctanlee_3.mp3": [
      10500,
      1358.3673469387759
    ],
    "Story_4_Ctanlee_4.mp3": [
      12750,
      2951.8367346938776
    ],
    "Story_4_Ctanlee_5.mp3": [
      16000,
      4362.448979591836
    ],
    "Story_4_Ctanlee_6.mp3": [
      21250,
      3552.6530612244896
    ],
    "Story_4_Ctanlee_7.mp3": [
      25500,
      4649.795918367346
    ],
    "Story_4_Ctanlee_8.mp3": [
      30750,
      2403.265306122449
    ],
    "Story_4_Ctanlee_10.mp3": [
      34000,
      2560.0000000000023
    ],
    "Story_4_Ctanlee_11.mp3": [
      37250,
      1358.3673469387777
    ]
  },
  "src": [
    "episodes/sprites/episode3/chapter1/dialogue.mp3"
  ]
}
