{
  "sprite": {
    "~g/MU_Attack_Music.mp3": [
      0,
      27428.571428571428
    ],
    "Story_5_Ctanlee_28.mp3": [
      28250,
      3265.3061224489797
    ],
    "Story_5_Ctanlee_29.mp3": [
      32500,
      2272.6530612244887
    ],
    "Story_5_Ctanlee_30.mp3": [
      35750,
      4675.918367346938
    ],
    "Story_5_Ctanlee_31.mp3": [
      41000,
      4048.9795918367336
    ],
    "Story_5_Ctanlee_32.mp3": [
      46250,
      1697.9591836734685
    ],
    "Story_5_Ctanlee_33.mp3": [
      48500,
      1436.734693877554
    ],
    "~4/SFX_VisitorEscortSystem_GuestLogBook.mp3": [
      50750,
      2377.1428571428573
    ],
    "~4/SFX_VisitorEscortSystem_EscortLeash.mp3": [
      54000,
      2586.1224489795945
    ],
    "~4/SFX_VisitorEscortSystem_VisitorTractorBeam.mp3": [
      57250,
      2690.612244897956
    ],
    "Story_5_Ctanlee_34.mp3": [
      60500,
      1253.877551020409
    ],
    "Story_5_Ctanlee_35.mp3": [
      62750,
      4336.32653061224
    ]
  },
  "src": [
    "episodes/sprites/episode4/chapter3/dialogue.mp3"
  ]
}
