{
  "sprite": {
    "Story_2_Ctanlee_12.mp3": [
      0,
      3604.8979591836737
    ],
    "Story_2_Ctanlee_X38.mp3": [
      4250,
      2011.4285714285716
    ],
    "Story_2_Ctanlee_X39.mp3": [
      7500,
      3944.489795918367
    ],
    "Story_2_Ctanlee_15.mp3": [
      11750,
      3970.612244897959
    ],
    "Story_2_Ctanlee_19.mp3": [
      16000,
      2768.979591836736
    ],
    "Story_2_Ctanlee_20.mp3": [
      19250,
      2977.9591836734694
    ],
    "Story_2_Ctanlee_21.mp3": [
      22500,
      7235.918367346941
    ]
  },
  "src": [
    "episodes/sprites/episode1/chapter3/dialogue.mp3"
  ]
}
