{
  "urls": [
    "./episodes/sprites/episode3/chapter2/sprite.mp3"
  ],
  "sprite": {
    "~g/MU_Attack_Music.mp3": [
      0,
      27428.571428571428
    ],
    "~3/CIN_Quarantine.mp3": [
      28250,
      2377.1428571428573
    ],
    "Story_4_Ctanlee_12.mp3": [
      31500,
      3631.0204081632664
    ],
    "Story_4_Ctanlee_13.mp3": [
      35750,
      2115.9183673469356
    ],
    "Story_4_Warcore_1.mp3": [
      39000,
      2246.5306122448965
    ],
    "Story_4_Sektimus_1a.mp3": [
      42250,
      9482.448979591836
    ],
    "Story_4_Sektimus_1b.mp3": [
      52500,
      10579.591836734693
    ],
    "Story_4_Sektimus_1c.mp3": [
      63750,
      20924.081632653055
    ],
    "Story_4_Ctanlee_14.mp3": [
      85000,
      2298.775510204081
    ],
    "Story_4_Sektimus_2a.mp3": [
      88250,
      3291.4285714285684
    ],
    "Story_4_Sektimus_2b.mp3": [
      92500,
      19461.22448979591
    ],
    "Story_4_Sektimus_2c.mp3": [
      112750,
      3761.632653061227
    ],
    "Story_4_Sektimus_3a.mp3": [
      117000,
      9168.97959183673
    ],
    "Story_4_Sektimus_3b.mp3": [
      127250,
      12591.020408163275
    ],
    "Story_4_Sektimus_3c.mp3": [
      140500,
      5093.877551020398
    ],
    "Story_4_Sektimus_4.mp3": [
      146750,
      4963.265306122452
    ],
    "Story_4_Ctanlee_15.mp3": [
      152000,
      10762.448979591823
    ]
  }
}
