{
  "sprite": {
    "Story_5_Ctanlee_19.mp3": [
      0,
      5799.183673469388
    ],
    "Story_5_Ctanlee_20.mp3": [
      6250,
      2690.6122448979595
    ],
    "Story_5_Ctanlee_21.mp3": [
      9500,
      1933.061224489796
    ],
    "Story_5_Ctanlee_22.mp3": [
      11750,
      6191.020408163265
    ],
    "Story_5_Ctanlee_23.mp3": [
      19000,
      3631.0204081632664
    ],
    "Story_5_Warcore_1.mp3": [
      23250,
      2821.2244897959167
    ],
    "Story_5_Sektimus_1.mp3": [
      26500,
      7784.489795918368
    ],
    "Story_5_Ctanlee_24.mp3": [
      34750,
      5433.4693877551035
    ],
    "Story_5_Sektimus_2a.mp3": [
      41000,
      5511.836734693879
    ],
    "Story_5_Sektimus_2b.mp3": [
      47250,
      6739.591836734697
    ],
    "Story_5_Sektimus_2c.mp3": [
      54500,
      11755.102040816326
    ],
    "Story_5_Ctanlee_25.mp3": [
      66750,
      9952.653061224495
    ],
    "Story_5_Sektimus_3.mp3": [
      77000,
      4728.163265306122
    ],
    "Story_5_Ctanlee_26a.mp3": [
      82250,
      6191.020408163268
    ],
    "Story_5_Ctanlee_26b.mp3": [
      89500,
      8228.571428571428
    ],
    "Story_5_Ctanlee_26c.mp3": [
      98750,
      2455.5102040816337
    ],
    "Story_5_Sektimus_4.mp3": [
      102000,
      4388.571428571424
    ],
    "Story_5_Ctanlee_27.mp3": [
      107250,
      3840.0000000000036
    ]
  },
  "src": [
    "episodes/sprites/episode4/chapter2/dialogue.mp3"
  ]
}
