{
  "urls": [
    "./episodes/sprites/episode4/chapter2/sprite.mp3"
  ],
  "sprite": {
    "~4/CIN_Typing.mp3": [
      0,
      1593.4693877551022
    ],
    "~g/MU_Attack_Music.mp3": [
      2250,
      27428.571428571428
    ],
    "~4/CIN_AccessGranted.mp3": [
      30500,
      1097.142857142856
    ],
    "Story_5_Ctanlee_19.mp3": [
      32750,
      5799.183673469386
    ],
    "Story_5_Ctanlee_20.mp3": [
      39000,
      2690.612244897956
    ],
    "Story_5_Ctanlee_21.mp3": [
      42250,
      1933.0612244897977
    ],
    "Story_5_Ctanlee_22.mp3": [
      44500,
      6191.020408163268
    ],
    "Story_5_Ctanlee_23.mp3": [
      51750,
      3631.0204081632664
    ],
    "~3/CIN_Quarantine.mp3": [
      56000,
      2377.1428571428573
    ],
    "Story_5_Warcore_1.mp3": [
      59250,
      2821.2244897959167
    ],
    "Story_5_Sektimus_1.mp3": [
      62500,
      7784.489795918361
    ],
    "Story_5_Ctanlee_24.mp3": [
      70750,
      5433.469387755096
    ],
    "Story_5_Sektimus_2a.mp3": [
      77000,
      5511.836734693872
    ],
    "Story_5_Sektimus_2b.mp3": [
      83250,
      6739.591836734689
    ],
    "Story_5_Sektimus_2c.mp3": [
      90500,
      11755.102040816326
    ],
    "Story_5_Ctanlee_25.mp3": [
      102750,
      9952.653061224495
    ],
    "Story_5_Sektimus_3.mp3": [
      113000,
      4728.163265306122
    ],
    "Story_5_Ctanlee_26a.mp3": [
      118250,
      6191.020408163268
    ],
    "Story_5_Ctanlee_26b.mp3": [
      125500,
      8228.571428571428
    ],
    "Story_5_Ctanlee_26c.mp3": [
      134750,
      2455.5102040816337
    ],
    "Story_5_Sektimus_4.mp3": [
      138000,
      4388.571428571424
    ],
    "Story_5_Ctanlee_27.mp3": [
      143250,
      3840.0000000000036
    ]
  }
}
