{
  "sprite": {
    "Story_5_Ctanlee_1.mp3": [
      0,
      14733.061224489797
    ],
    "Story_5_Ctanlee_2.mp3": [
      15250,
      3970.6122448979604
    ],
    "Story_5_Ctanlee_3.mp3": [
      19500,
      2115.9183673469392
    ],
    "Story_5_Ctanlee_4.mp3": [
      22750,
      4336.326530612244
    ],
    "~3/Story_4_Ctanlee_3.mp3": [
      28000,
      1358.367346938774
    ],
    "Story_5_Ctanlee_6.mp3": [
      30250,
      3552.6530612244896
    ],
    "Story_5_Ctanlee_7.mp3": [
      34500,
      2377.1428571428573
    ],
    "Story_5_Ctanlee_8.mp3": [
      37750,
      2246.5306122448965
    ],
    "Story_5_Ctanlee_9.mp3": [
      41000,
      3160.816326530615
    ],
    "Story_5_Ctanlee_10.mp3": [
      45250,
      4466.938775510201
    ],
    "Story_5_Ctanlee_11.mp3": [
      50500,
      7392.653061224493
    ],
    "Story_5_Ctanlee_12.mp3": [
      58750,
      4414.693877551016
    ],
    "Story_5_Ctanlee_13.mp3": [
      64000,
      5015.510204081636
    ],
    "Story_5_Ctanlee_14.mp3": [
      70250,
      1515.1020408163304
    ],
    "Story_5_Ctanlee_15_alt.mp3": [
      72500,
      4075.1020408163326
    ],
    "Story_5_Ctanlee_16.mp3": [
      77750,
      3813.8775510204114
    ],
    "Story_5_Ctanlee_17.mp3": [
      82000,
      5720.81632653061
    ],
    "Story_5_Ctanlee_18.mp3": [
      88250,
      2377.1428571428573
    ]
  },
  "src": [
    "episodes/sprites/episode4/chapter1/dialogue.mp3"
  ]
}
