{
  "sprite": {
    "~4/CIN_HumanExcited.mp3?sfx": [
      0,
      2063.673469387755
    ],
    "~g/SFX_AttackSlamdown_UnsavoryHuman.mp3?sfx": [
      3250,
      4571.428571428572
    ],
    "~4/CIN_RobotsMovingExplosion.mp3?sfx": [
      8500,
      5250.612244897959
    ],
    "~4/SFX_AccessControlSystem_BackgroundProbe.mp3?sfx": [
      14750,
      3317.551020408164
    ],
    "~4/SFX_AccessControlSystem_RiskDetector.mp3?sfx": [
      19000,
      2351.020408163265
    ],
    "~4/SFX_AccessControlSystem_VoightKampfDetector.mp3?sfx": [
      22250,
      2377.1428571428573
    ],
    "~4/CIN_Typing.mp3?sfx": [
      25500,
      1593.4693877551033
    ],
    "~4/CIN_ScannerShock.mp3?sfx": [
      27750,
      5250.612244897959
    ]
  },
  "src": [
    "episodes/sprites/episode4/chapter1/sfx.mp3"
  ]
}
