{
  "sprite": {
    "~g/Intro_Credits.mp3": [
      0,
      13165.714285714286
    ],
    "Story_1_Warcore_1.mp3": [
      14250,
      4440.816326530612
    ],
    "Story_1_Warcore_2.mp3": [
      19500,
      5903.673469387755
    ],
    "Story_1_Warcore_3.mp3": [
      25750,
      7784.489795918368
    ],
    "Story_1_Warcore_4.mp3": [
      34000,
      4989.387755102044
    ],
    "Story_1_Ctanlee_1.mp3": [
      39250,
      3369.7959183673447
    ],
    "Story_1_Ctanlee_2.mp3": [
      43500,
      7862.857142857145
    ],
    "Story_1_Ctanlee_4.mp3": [
      51750,
      2533.87755102041
    ],
    "Story_1_Ctanlee_7.mp3": [
      55000,
      11885.714285714286
    ],
    "Story_1_Ctanlee_8.mp3": [
      67250,
      4623.673469387753
    ],
    "Story_1_Ctanlee_9.mp3": [
      72500,
      4257.9591836734635
    ],
    "Story_1_Ctanlee_10.mp3": [
      77750,
      4466.938775510201
    ],
    "Story_1_Ctanlee_11.mp3": [
      83000,
      13609.795918367354
    ],
    "Story_1_Ctanlee_12.mp3": [
      97250,
      10031.020408163273
    ],
    "Story_1_Ctanlee_12b1.mp3": [
      108500,
      7497.142857142861
    ],
    "Story_1_Ctanlee_12b2.mp3": [
      116750,
      7444.897959183678
    ],
    "Story_1_Ctanlee_12c.mp3": [
      125000,
      2821.2244897959235
    ],
    "Story_1_Ctanlee_12d.mp3": [
      128250,
      15203.265306122461
    ],
    "Story_1_Ctanlee_12e.mp3": [
      144500,
      9377.959183673482
    ],
    "Story_1_Ctanlee_16.mp3": [
      154750,
      20715.102040816335
    ],
    "Story_1_Ctanlee_17.mp3": [
      176000,
      9978.775510204088
    ],
    "Story_1_Ctanlee_18a.mp3": [
      186250,
      11128.163265306113
    ],
    "Story_1_Ctanlee_18b.mp3": [
      198500,
      6138.775510204085
    ],
    "Story_1_Ctanlee_19.mp3": [
      205750,
      10945.306122448983
    ],
    "Story_1_Ctanlee_19b1.mp3": [
      217000,
      10031.020408163273
    ],
    "Story_1_Ctanlee_19b2.mp3": [
      228250,
      4179.591836734688
    ],
    "Story_1_Ctanlee_21.mp3": [
      233500,
      4649.795918367346
    ],
    "Story_1_Dialogue_Panicking.mp3": [
      238750,
      3683.2653061224505
    ],
    "Story_1_Dialogue_Puke.mp3": [
      243000,
      5642.448979591847
    ],
    "Story_1_Dialogue_Spirit.mp3": [
      249250,
      1384.4897959183697
    ],
    "Story_1_Ctanlee_20.mp3": [
      251500,
      8306.938775510218
    ],
    "Story_1_Ctanlee_22.mp3": [
      260750,
      6713.4693877550835
    ],
    "Story_1_Ctanlee_24.mp3": [
      268000,
      9430.204081632666
    ],
    "Story_1_Ctanlee_25.mp3": [
      278250,
      8385.306122448981
    ]
  },
  "src": [
    "episodes/sprites/episode0/chapter1/dialogue.mp3"
  ]
}
