{
  "sprite": {
    "~0/SFX_Defender_Door_Open.mp3?sfx": [
      0,
      2612.2448979591836
    ],
    "SFX_SoundTestButton.mp3?sfx": [
      3250,
      3970.612244897959
    ],
    "~0/SFX_Sektimus_Fleet_Impacts.mp3?sfx": [
      7500,
      11206.530612244896
    ],
    "~0/SFX_Crater.mp3?sfx": [
      19750,
      47438.36734693877
    ],
    "~g/SFX_Level_Cadet.mp3?sfx": [
      68000,
      7941.224489795914
    ]
  },
  "src": [
    "episodes/sprites/episode0/chapter1/sfx.mp3"
  ]
}
