{
  "sprite": {
    "~g/MU_Ambient_Facility.mp3?amb": [
      0,
      153312.6530612245,
      true
    ],
    "~g/MU_Attack_Music.mp3?amb": [
      154250,
      27428.571428571417,
      true
    ],
    "~g/MU_Attack_With_Defense_Music.mp3?amb": [
      182500,
      27428.571428571417,
      true
    ]
  },
  "src": [
    "episodes/sprites/episode5/chapter2/amb.mp3"
  ]
}
