{
  "sprite": {
    "Story_6_Sektimus_1.mp3": [
      0,
      8489.795918367348
    ],
    "Story_6_Ctanlee_1.mp3": [
      9250,
      5825.306122448978
    ],
    "Story_6_Sektimus_2.mp3": [
      15500,
      7157.551020408164
    ],
    "Story_6_Ctanlee_2.mp3": [
      23750,
      3369.7959183673483
    ],
    "Story_6_Warcore_1.mp3": [
      28000,
      9064.489795918369
    ],
    "Story_6_Ctanlee_3.mp3": [
      38250,
      3604.897959183674
    ],
    "~g/Story_6alt_Ctanlee_1.mp3": [
      42500,
      9247.346938775507
    ],
    "~g/Story_6alt_Ctanlee_2.mp3": [
      52750,
      4048.9795918367336
    ],
    "~g/Story_6alt_Warcore_1.mp3": [
      58000,
      3213.061224489799
    ],
    "~g/Story_6alt_Sektimus_1.mp3": [
      62250,
      10475.102040816324
    ],
    "~g/Story_6alt_Ctanlee_3.mp3": [
      73500,
      1671.8367346938835
    ],
    "~g/Story_6alt_Sektimus_2.mp3": [
      75750,
      16300.408163265303
    ],
    "~g/Story_6alt_Sektimus_3.mp3": [
      93000,
      10945.306122448983
    ],
    "~g/Story_6alt_Sektimus_4.mp3": [
      104250,
      14367.346938775512
    ],
    "~g/Story_6alt_Sektimus_5.mp3": [
      119500,
      12591.020408163275
    ],
    "~g/Story_6alt_Ctanlee_4.mp3": [
      132750,
      2403.265306122449
    ],
    "~g/Story_6alt_Ctanlee_5a.mp3": [
      136000,
      4728.163265306137
    ],
    "~g/Story_6alt_Ctanlee_5b.mp3": [
      141250,
      8228.571428571428
    ],
    "~g/Story_6alt_Ctanlee_5c.mp3": [
      150500,
      2455.5102040816337
    ],
    "~g/Story_6alt_Sektimus_6.mp3": [
      153750,
      2742.857142857133
    ],
    "~g/Story_6alt_Sektimus_7.mp3": [
      157000,
      4884.897959183661
    ],
    "~g/Story_6alt_Ctanlee_6.mp3": [
      162250,
      3369.7959183673447
    ],
    "~g/Story_6alt_Warcore_2.mp3": [
      166500,
      9064.489795918376
    ],
    "Story_6_Ctanlee_4.mp3": [
      176750,
      4257.959183673478
    ],
    "Story_6_Ctanlee_5.mp3": [
      182000,
      2298.775510204081
    ],
    "Story_6_Sektimus_3.mp3": [
      185250,
      4884.897959183661
    ],
    "Story_6_Ctanlee_6.mp3": [
      190500,
      5433.469387755111
    ],
    "Story_6_Ctanlee_7.mp3": [
      196750,
      1802.4489795918441
    ],
    "Story_6_Ctanlee_8.mp3": [
      199000,
      2403.265306122449
    ],
    "Story_6_Sektimus_4.mp3": [
      202250,
      8411.428571428558
    ],
    "Story_6_Ctanlee_10.mp3": [
      211500,
      7340.408163265294
    ],
    "Story_6_Sektimus_5.mp3": [
      219750,
      5746.938775510216
    ],
    "Story_6_Ctanlee_11.mp3": [
      226000,
      3422.0408163265292
    ]
  },
  "src": [
    "episodes/sprites/episode5/chapter2/dialogue.mp3"
  ]
}
