{
  "sprite": {
    "Story_3_Ctanlee_1.mp3": [
      0,
      4101.224489795919
    ],
    "Story_3_Ctanlee_2.mp3": [
      5250,
      2795.1020408163263
    ],
    "Story_3_Ctanlee_3.mp3": [
      8500,
      4623.673469387755
    ],
    "Story_3_Ctanlee_4.mp3": [
      13750,
      1671.836734693878
    ],
    "Story_3_Ctanlee_5.mp3": [
      16000,
      3474.2857142857133
    ],
    "Story_3_Ctanlee_6.mp3": [
      20250,
      2664.4897959183672
    ],
    "Story_3_Ctanlee_7.mp3": [
      23500,
      13792.653061224491
    ],
    "Story_3_Ctanlee_8a.mp3": [
      37750,
      2089.795918367344
    ],
    "Story_3_Ctanlee_8b.mp3": [
      41000,
      3291.4285714285684
    ],
    "Story_3_Ctanlee_9.mp3": [
      45250,
      4153.469387755102
    ],
    "Story_3_Ctanlee_15.mp3": [
      50500,
      2533.87755102041
    ]
  },
  "src": [
    "episodes/sprites/episode2/chapter1/dialogue.mp3"
  ]
}
