{
  "sprite": {
    "~g/MU_Attack_Music.mp3": [
      0,
      27428.571428571428
    ],
    "Story_4_Ctanlee_12.mp3": [
      28250,
      3631.0204081632664
    ],
    "Story_4_Ctanlee_13.mp3": [
      32500,
      2115.9183673469356
    ],
    "Story_4_Warcore_1.mp3": [
      35750,
      2246.5306122448965
    ],
    "Story_4_Sektimus_1a.mp3": [
      39000,
      9482.448979591836
    ],
    "Story_4_Sektimus_1b.mp3": [
      49250,
      10579.591836734693
    ],
    "Story_4_Sektimus_1c.mp3": [
      60500,
      20924.081632653055
    ],
    "Story_4_Ctanlee_14.mp3": [
      81750,
      2298.775510204081
    ],
    "Story_4_Sektimus_2a.mp3": [
      85000,
      3291.4285714285684
    ],
    "Story_4_Sektimus_2b.mp3": [
      89250,
      19461.22448979591
    ],
    "Story_4_Sektimus_2c.mp3": [
      109500,
      3761.632653061227
    ],
    "Story_4_Sektimus_3a.mp3": [
      113750,
      9168.97959183673
    ],
    "Story_4_Sektimus_3b.mp3": [
      124000,
      12591.020408163275
    ],
    "Story_4_Sektimus_3c.mp3": [
      137250,
      5093.877551020398
    ],
    "Story_4_Sektimus_4.mp3": [
      143500,
      4963.265306122452
    ],
    "Story_4_Ctanlee_15.mp3": [
      148750,
      10762.448979591823
    ]
  },
  "src": [
    "episodes/sprites/episode3/chapter2/dialogue.mp3"
  ]
}
