{
  "sprite": {
    "Story_4_Ctanlee_12.mp3": [
      0,
      3631.0204081632655
    ],
    "Story_4_Ctanlee_13.mp3": [
      4250,
      2011.4285714285716
    ],
    "Story_4_Warcore_1.mp3": [
      7500,
      2246.5306122448983
    ],
    "Story_4_Sektimus_1a.mp3": [
      10750,
      9482.448979591836
    ],
    "Story_4_Sektimus_1b.mp3": [
      21000,
      10579.591836734693
    ],
    "Story_4_Sektimus_1c.mp3": [
      32250,
      20924.081632653055
    ],
    "Story_4_Ctanlee_14.mp3": [
      53500,
      2298.775510204081
    ],
    "Story_4_Sektimus_2a.mp3": [
      56750,
      3291.4285714285684
    ],
    "Story_4_Sektimus_2b.mp3": [
      61000,
      19461.22448979591
    ],
    "Story_4_Sektimus_2c.mp3": [
      81250,
      3761.632653061227
    ],
    "Story_4_Sektimus_3a.mp3": [
      85500,
      9168.97959183673
    ],
    "Story_4_Sektimus_3b.mp3": [
      95750,
      12591.02040816326
    ],
    "Story_4_Sektimus_3c.mp3": [
      109000,
      5093.877551020412
    ],
    "Story_4_Sektimus_4.mp3": [
      115250,
      4963.265306122452
    ],
    "Story_4_Ctanlee_15.mp3": [
      120500,
      10762.448979591823
    ]
  },
  "src": [
    "episodes/sprites/episode3/chapter2/dialogue.mp3"
  ]
}
