{
  "sprite": {
    "~g/MU_Attack_Music.mp3": [
      0,
      27428.571428571428
    ],
    "~2/Story_3_Ctanlee_16.mp3": [
      28250,
      4440.816326530608
    ],
    "~2/Story_3_Ctanlee_17.mp3": [
      33500,
      9247.346938775507
    ],
    "~2/Story_3_Ctanlee_18.mp3": [
      43750,
      5590.204081632656
    ],
    "~2/Story_3_Ctanlee_19.mp3": [
      50000,
      13844.897959183676
    ],
    "~2/Story_3_Warcore_1.mp3": [
      64250,
      1097.142857142856
    ],
    "~2/Story_3_Ctanlee_20.mp3": [
      66500,
      4937.14285714286
    ],
    "~2/Story_3_Warcore_2.mp3": [
      71750,
      3213.061224489792
    ],
    "~2/Story_3_Sektimus_1.mp3": [
      76000,
      10475.102040816324
    ],
    "~2/Story_3_Ctanlee_21.mp3": [
      87250,
      12094.693877551023
    ],
    "~2/Story_3_Warcore_3.mp3": [
      100500,
      2011.428571428567
    ],
    "~2/Story_3_Sektimus_2.mp3": [
      103750,
      16300.408163265303
    ],
    "~2/Story_3_Sektimus_3.mp3": [
      121000,
      10945.306122448983
    ],
    "~2/Story_3_Sektimus_4.mp3": [
      132250,
      14367.346938775512
    ],
    "~2/Story_3_Warcore_4.mp3": [
      147500,
      3213.061224489792
    ],
    "~2/Story_3_Ctanlee_22a.mp3": [
      151750,
      10187.755102040825
    ],
    "~2/Story_3_Ctanlee_22b.mp3": [
      163000,
      9090.612244897955
    ],
    "~2/Story_3_Ctanlee_22c.mp3": [
      173250,
      5537.959183673479
    ],
    "~2/Story_3_Sektimus_5.mp3": [
      179500,
      12982.857142857141
    ],
    "~2/Story_3_Sektimus_6a.mp3": [
      192750,
      13635.918367346932
    ],
    "~2/Story_3_Sektimus_6b.mp3": [
      207000,
      11493.877551020403
    ],
    "~2/Story_3_Warcore_5.mp3": [
      219250,
      2795.1020408163176
    ],
    "~2/Story_3_Ctanlee_23a.mp3": [
      222500,
      7706.122448979585
    ],
    "~2/Story_3_Ctanlee_23b.mp3": [
      230750,
      12956.734693877564
    ],
    "~2/Story_3_Ctanlee_23c.mp3": [
      244000,
      4754.285714285715
    ],
    "~2/Story_3_Ctanlee_23d.mp3": [
      249250,
      4231.836734693871
    ],
    "Story_3_Ctanlee_24.mp3": [
      254500,
      2795.102040816346
    ],
    "Story_3_Ctanlee_25.mp3": [
      257750,
      3657.142857142844
    ],
    "Story_3_Ctanlee_26.mp3": [
      262000,
      3082.4489795918453
    ],
    "Story_3_Ctanlee_27.mp3": [
      266250,
      2115.9183673469215
    ],
    "Story_3_Ctanlee_28.mp3": [
      269500,
      2194.2857142857406
    ],
    "Story_3_Ctanlee_29.mp3": [
      272750,
      3918.367346938794
    ],
    "~2/SFX_ElectronicAccess_Burninator.mp3": [
      277000,
      2377.1428571428714
    ],
    "~2/SFX_ElectronicAccess_GreatFireWall.mp3": [
      280250,
      2586.1224489796086
    ],
    "~2/SFX_ElectronicAccess_GatedCommunity.mp3": [
      283500,
      3317.551020408189
    ],
    "Story_3_Ctanlee_30.mp3": [
      287750,
      6164.897959183691
    ],
    "Story_3_Ctanlee_31.mp3": [
      295000,
      9351.836734693905
    ],
    "Story_3_Ctanlee_32.mp3": [
      305250,
      3343.6734693877384
    ],
    "Story_3_Firewall_1.mp3": [
      309500,
      1175.510204081661
    ],
    "Story_3_Packet_1.mp3": [
      311750,
      4597.551020408162
    ],
    "Story_3_Ctanlee_33.mp3": [
      317000,
      6060.4081632653215
    ],
    "Story_3_Firewall_2.mp3": [
      324250,
      2272.653061224503
    ],
    "Story_3_Firewall_3.mp3": [
      327500,
      2194.2857142857406
    ],
    "Story_3_Ctanlee_34.mp3": [
      330750,
      1933.0612244897907
    ],
    "Story_3_Ctanlee_35.mp3": [
      333000,
      2847.3469387755017
    ],
    "Story_3_Packet_2.mp3": [
      336250,
      8019.5918367347185
    ],
    "Story_3_Firewall_6.mp3": [
      345500,
      3996.7346938775563
    ],
    "Story_3_Packet_3.mp3": [
      349750,
      3709.387755102057
    ],
    "Story_3_Ctanlee_36.mp3": [
      354000,
      1436.734693877554
    ],
    "Story_3_Ctanlee_37.mp3": [
      356250,
      5198.367346938767
    ],
    "Story_3_Packet_4.mp3": [
      362500,
      5485.714285714266
    ],
    "Story_3_Ctanlee_38.mp3": [
      368750,
      1410.6122448979477
    ],
    "Story_3_Firewall_4.mp3": [
      371000,
      2377.1428571428714
    ],
    "Story_3_Packet_5.mp3": [
      374250,
      4022.8571428571627
    ],
    "Story_3_Ctanlee_39.mp3": [
      379500,
      2716.7346938775268
    ],
    "Story_3_Ctanlee_40.mp3": [
      382750,
      2821.2244897958954
    ]
  },
  "src": [
    "episodes/sprites/episode2/chapter2/dialogue.mp3"
  ]
}
