{
  "sprite": {
    "~2/Story_3_Ctanlee_16.mp3": [
      0,
      4440.816326530612
    ],
    "~2/Story_3_Ctanlee_17.mp3": [
      5250,
      9247.34693877551
    ],
    "~2/Story_3_Ctanlee_18.mp3": [
      15500,
      5590.204081632653
    ],
    "~2/Story_3_Ctanlee_19.mp3": [
      21750,
      13844.897959183676
    ],
    "~2/Story_3_Warcore_1.mp3": [
      36000,
      1097.142857142856
    ],
    "~2/Story_3_Ctanlee_20.mp3": [
      38250,
      4937.14285714286
    ],
    "~2/Story_3_Warcore_2.mp3": [
      43500,
      3213.061224489799
    ],
    "~2/Story_3_Sektimus_1.mp3": [
      47750,
      10475.102040816324
    ],
    "~2/Story_3_Ctanlee_21.mp3": [
      59000,
      12094.693877551023
    ],
    "~2/Story_3_Warcore_3.mp3": [
      72250,
      2011.428571428567
    ],
    "~2/Story_3_Sektimus_2.mp3": [
      75500,
      16300.408163265303
    ],
    "~2/Story_3_Sektimus_3.mp3": [
      92750,
      10945.306122448983
    ],
    "~2/Story_3_Sektimus_4.mp3": [
      104000,
      14367.346938775512
    ],
    "~2/Story_3_Warcore_4.mp3": [
      119250,
      3213.061224489792
    ],
    "~2/Story_3_Ctanlee_22a.mp3": [
      123500,
      10187.755102040825
    ],
    "~2/Story_3_Ctanlee_22b.mp3": [
      134750,
      9090.612244897955
    ],
    "~2/Story_3_Ctanlee_22c.mp3": [
      145000,
      5537.959183673479
    ],
    "~2/Story_3_Sektimus_5.mp3": [
      151250,
      12982.857142857141
    ],
    "~2/Story_3_Sektimus_6a.mp3": [
      164500,
      13635.918367346932
    ],
    "~2/Story_3_Sektimus_6b.mp3": [
      178750,
      11493.877551020403
    ],
    "~2/Story_3_Warcore_5.mp3": [
      191000,
      2795.1020408163176
    ],
    "~2/Story_3_Ctanlee_23a.mp3": [
      194250,
      7706.122448979585
    ],
    "~2/Story_3_Ctanlee_23b.mp3": [
      202500,
      12956.734693877564
    ],
    "~2/Story_3_Ctanlee_23c.mp3": [
      215750,
      4754.285714285715
    ],
    "~2/Story_3_Ctanlee_23d.mp3": [
      221000,
      4231.836734693871
    ],
    "Story_3_Ctanlee_24.mp3": [
      226250,
      2795.1020408163176
    ],
    "Story_3_Ctanlee_25.mp3": [
      229500,
      3657.142857142844
    ],
    "Story_3_Ctanlee_26.mp3": [
      233750,
      3082.4489795918453
    ],
    "Story_3_Ctanlee_27.mp3": [
      238000,
      2115.9183673469497
    ],
    "Story_3_Ctanlee_28.mp3": [
      241250,
      2194.285714285712
    ],
    "Story_3_Ctanlee_29.mp3": [
      244500,
      3918.367346938766
    ],
    "Story_3_Ctanlee_30.mp3": [
      248750,
      6164.897959183662
    ],
    "Story_3_Ctanlee_31.mp3": [
      256000,
      9351.836734693905
    ],
    "Story_3_Ctanlee_32.mp3": [
      266250,
      3343.6734693877384
    ],
    "Story_3_Firewall_1.mp3": [
      270500,
      1175.510204081661
    ],
    "Story_3_Packet_1.mp3": [
      272750,
      4597.551020408162
    ],
    "Story_3_Ctanlee_33.mp3": [
      278000,
      6060.4081632653215
    ],
    "Story_3_Firewall_2.mp3": [
      285250,
      2272.653061224503
    ],
    "Story_3_Firewall_3.mp3": [
      288500,
      2194.2857142857406
    ],
    "Story_3_Ctanlee_34.mp3": [
      291750,
      1933.0612244897907
    ],
    "Story_3_Ctanlee_35.mp3": [
      294000,
      2847.3469387755017
    ],
    "Story_3_Packet_2.mp3": [
      297250,
      8019.5918367347185
    ],
    "Story_3_Firewall_6.mp3": [
      306500,
      3996.7346938775563
    ],
    "Story_3_Packet_3.mp3": [
      310750,
      3709.387755102057
    ],
    "Story_3_Ctanlee_36.mp3": [
      315000,
      1906.9387755101843
    ],
    "Story_3_Ctanlee_37.mp3": [
      317250,
      5198.367346938767
    ],
    "Story_3_Packet_4.mp3": [
      323500,
      5485.714285714266
    ],
    "Story_3_Ctanlee_38.mp3": [
      329750,
      1410.6122448979477
    ],
    "Story_3_Firewall_4.mp3": [
      332000,
      2377.1428571428714
    ],
    "Story_3_Packet_5.mp3": [
      335250,
      4022.8571428571627
    ],
    "Story_3_Ctanlee_39.mp3": [
      340500,
      2716.7346938775268
    ],
    "Story_3_Ctanlee_40.mp3": [
      343750,
      2821.2244897958954
    ]
  },
  "src": [
    "episodes/sprites/episode2/chapter2/dialogue.mp3"
  ]
}
