{
  "urls": [
    "./sprites/episode2/chapter2/sprite.mp3"
  ],
  "sprite": {
    "~g/MU_Attack_Music.mp3": [
      0,
      27428.571428571428
    ],
    "~3/CIN_Quarantine.mp3": [
      28250,
      2377.1428571428573
    ],
    "~2/Story_3_Ctanlee_16.mp3": [
      31500,
      4440.816326530608
    ],
    "~2/Story_3_Ctanlee_17.mp3": [
      36750,
      9247.346938775507
    ],
    "~2/Story_3_Ctanlee_18.mp3": [
      47000,
      5590.204081632656
    ],
    "~2/Story_3_Ctanlee_19.mp3": [
      53250,
      13844.897959183669
    ],
    "~2/Story_3_Warcore_1.mp3": [
      67500,
      1097.142857142856
    ],
    "~2/Story_3_Ctanlee_20.mp3": [
      69750,
      4937.14285714286
    ],
    "~2/Story_3_Warcore_2.mp3": [
      75000,
      3213.061224489792
    ],
    "~2/Story_3_Sektimus_1.mp3": [
      79250,
      10475.102040816324
    ],
    "~2/Story_3_Ctanlee_21.mp3": [
      90500,
      12094.693877551023
    ],
    "~2/Story_3_Warcore_3.mp3": [
      103750,
      2011.428571428567
    ],
    "~2/Story_3_Sektimus_2.mp3": [
      107000,
      16300.408163265303
    ],
    "~2/Story_3_Sektimus_3.mp3": [
      124250,
      10945.306122448983
    ],
    "~2/Story_3_Sektimus_4.mp3": [
      135500,
      14367.346938775512
    ],
    "~2/Story_3_Warcore_4.mp3": [
      150750,
      3213.061224489792
    ],
    "~2/Story_3_Ctanlee_22a.mp3": [
      155000,
      10187.755102040825
    ],
    "~2/Story_3_Ctanlee_22b.mp3": [
      166250,
      9090.612244897955
    ],
    "~2/Story_3_Ctanlee_22c.mp3": [
      176500,
      5537.959183673479
    ],
    "~2/Story_3_Sektimus_5.mp3": [
      182750,
      12982.857142857141
    ],
    "~2/Story_3_Sektimus_6a.mp3": [
      196000,
      13635.918367346932
    ],
    "~2/Story_3_Sektimus_6b.mp3": [
      210250,
      11493.877551020403
    ],
    "~2/Story_3_Warcore_5.mp3": [
      222500,
      2795.1020408163176
    ],
    "~2/Story_3_Ctanlee_23a.mp3": [
      225750,
      7706.122448979585
    ],
    "~2/Story_3_Ctanlee_23b.mp3": [
      234000,
      12956.734693877564
    ],
    "~2/Story_3_Ctanlee_23c.mp3": [
      247250,
      4754.285714285715
    ],
    "~2/Story_3_Ctanlee_23d.mp3": [
      252500,
      4231.836734693899
    ],
    "~g/SFX_AttackSlamdown_KettleHeadEAttackMode.mp3": [
      257750,
      5929.7959183673465
    ],
    "~2/CIN_RobotHacking.mp3": [
      264000,
      2377.1428571428714
    ],
    "~2/CIN_PhysicalAttack_Screams.mp3": [
      267250,
      2063.6734693877656
    ],
    "~2/SFX_AssetExplosion.mp3": [
      270500,
      4911.020408163267
    ],
    "Story_3_Ctanlee_24.mp3": [
      275750,
      2795.102040816346
    ],
    "Story_3_Ctanlee_25.mp3": [
      279000,
      3657.142857142844
    ],
    "Story_3_Ctanlee_26.mp3": [
      283250,
      3082.4489795918453
    ],
    "Story_3_Ctanlee_27.mp3": [
      287500,
      2115.9183673469215
    ],
    "Story_3_Ctanlee_28.mp3": [
      290750,
      2194.2857142857406
    ],
    "Story_3_Ctanlee_29.mp3": [
      294000,
      3918.367346938794
    ],
    "~2/SFX_ElectronicAccess_Burninator.mp3": [
      298250,
      2377.1428571428714
    ],
    "~2/SFX_ElectronicAccess_GreatFireWall.mp3": [
      301500,
      2586.1224489796086
    ],
    "~2/SFX_ElectronicAccess_GatedCommunity.mp3": [
      304750,
      3317.551020408189
    ],
    "Story_3_Ctanlee_30.mp3": [
      309000,
      6164.897959183691
    ],
    "Story_3_Ctanlee_31.mp3": [
      316250,
      9351.836734693905
    ],
    "Story_3_Ctanlee_32.mp3": [
      326500,
      3343.6734693877384
    ],
    "Story_3_Firewall_1.mp3": [
      330750,
      1175.510204081661
    ],
    "Story_3_Packet_1.mp3": [
      333000,
      4597.551020408162
    ],
    "Story_3_Ctanlee_33.mp3": [
      338250,
      6060.4081632653215
    ],
    "Story_3_Firewall_2.mp3": [
      345500,
      2272.653061224503
    ],
    "Story_3_Firewall_3.mp3": [
      348750,
      2194.2857142857406
    ],
    "Story_3_Ctanlee_34.mp3": [
      352000,
      1933.0612244897907
    ],
    "Story_3_Ctanlee_35.mp3": [
      354250,
      2847.3469387755017
    ],
    "Story_3_Packet_2.mp3": [
      357500,
      8019.5918367347185
    ],
    "Story_3_Firewall_6.mp3": [
      366750,
      3996.7346938775563
    ],
    "Story_3_Packet_3.mp3": [
      371000,
      3709.387755102057
    ],
    "Story_3_Ctanlee_36.mp3": [
      375250,
      1906.9387755101843
    ],
    "~g/SFX_AttackSlamdown_VirusBot.mp3": [
      377500,
      2586.1224489796086
    ],
    "Story_3_Ctanlee_37.mp3": [
      380750,
      5198.367346938767
    ],
    "Story_3_Packet_4.mp3": [
      387000,
      5485.714285714266
    ],
    "Story_3_Ctanlee_38.mp3": [
      393250,
      1410.6122448979477
    ],
    "Story_3_Firewall_4.mp3": [
      395500,
      2377.1428571428714
    ],
    "Story_3_Packet_5.mp3": [
      398750,
      4022.8571428571627
    ],
    "Story_3_Ctanlee_39.mp3": [
      404000,
      2716.7346938775268
    ],
    "Story_3_Ctanlee_40.mp3": [
      407250,
      2821.2244897958954
    ],
    "~g/SFX_Level_TechnicalCadet.mp3": [
      410500,
      7941.2244897959
    ]
  }
}
