{
  "sprite": {
    "Story_4_Ctanlee_19.mp3": [
      0,
      6164.897959183673
    ],
    "Story_4_Ctanlee_20.mp3": [
      7250,
      6896.326530612246
    ],
    "Story_4_Ctanlee_21.mp3": [
      14500,
      3709.387755102043
    ],
    "Story_4_Ctanlee_22.mp3": [
      18750,
      2768.979591836736
    ],
    "Story_4_Ctanlee_23.mp3": [
      22000,
      3317.551020408164
    ],
    "Story_4_Ctanlee_24.mp3": [
      26250,
      2377.1428571428573
    ],
    "Story_4_Ctanlee_25.mp3": [
      29500,
      2455.5102040816337
    ],
    "Story_4_Ctanlee_26.mp3": [
      32750,
      1227.7551020408168
    ],
    "Story_4_Ctanlee_27.mp3": [
      35000,
      1959.18367346939
    ],
    "Story_4_Ctanlee_28.mp3": [
      37250,
      5590.204081632656
    ],
    "Story_4_Ctanlee_29.mp3": [
      43500,
      4414.693877551016
    ],
    "Story_4_Ctanlee_30.mp3": [
      48750,
      4571.42857142857
    ],
    "Story_4_Ctanlee_31.mp3": [
      54000,
      8620.40816326531
    ],
    "Story_4_Ctanlee_32.mp3": [
      63250,
      5825.306122448978
    ]
  },
  "src": [
    "episodes/sprites/episode3/chapter3/dialogue.mp3"
  ]
}
