{
  "sprite": {
    "~g/Intro_Credits.mp3": [
      0,
      13165.714285714286
    ],
    "SFX_SoundTestButton.mp3": [
      14250,
      3970.6122448979604
    ],
    "~g/MU_Ambient_Facility_no_notes.mp3": [
      18500,
      145162.44897959183
    ],
    "Story_1_Warcore_1.mp3": [
      164750,
      4440.816326530608
    ],
    "Story_1_Warcore_2.mp3": [
      170000,
      5903.673469387741
    ],
    "Story_1_Warcore_3.mp3": [
      176250,
      7784.489795918375
    ],
    "Story_1_Warcore_4.mp3": [
      184500,
      4989.38775510203
    ],
    "Story_1_Ctanlee_1.mp3": [
      189750,
      3369.7959183673447
    ],
    "Story_1_Ctanlee_2.mp3": [
      194000,
      7862.857142857138
    ],
    "Story_1_Ctanlee_4.mp3": [
      202250,
      2533.877551020396
    ],
    "Story_1_Ctanlee_7.mp3": [
      205500,
      11885.7142857143
    ],
    "Story_1_Ctanlee_8.mp3": [
      217750,
      4623.673469387768
    ],
    "Story_1_Ctanlee_9.mp3": [
      223000,
      4257.959183673478
    ],
    "Story_1_Ctanlee_10.mp3": [
      228250,
      4466.938775510215
    ],
    "Story_1_Ctanlee_11.mp3": [
      233500,
      13609.795918367354
    ],
    "Story_1_Ctanlee_12.mp3": [
      247750,
      10031.020408163273
    ],
    "Story_1_Ctanlee_12b1.mp3": [
      259000,
      7497.142857142876
    ],
    "Story_1_Ctanlee_12b2.mp3": [
      267250,
      7444.897959183663
    ],
    "Story_1_Ctanlee_12c.mp3": [
      275500,
      2821.2244897958954
    ],
    "Story_1_Ctanlee_12d.mp3": [
      278750,
      15203.265306122432
    ],
    "~0/CIN_Intro_Sektimus.mp3": [
      295000,
      89338.77551020407
    ],
    "Story_1_Ctanlee_12e.mp3": [
      385250,
      9377.959183673454
    ],
    "Story_1_Ctanlee_16.mp3": [
      395500,
      20715.102040816306
    ],
    "~0/SFX_Crater.mp3": [
      416750,
      47438.36734693877
    ],
    "Story_1_Ctanlee_17.mp3": [
      465000,
      9978.77551020406
    ],
    "Story_1_Ctanlee_18a.mp3": [
      475250,
      11128.163265306113
    ],
    "Story_1_Ctanlee_18b.mp3": [
      487500,
      6138.775510204085
    ],
    "Story_1_Ctanlee_19.mp3": [
      494750,
      10945.306122448983
    ],
    "Story_1_Ctanlee_19b1.mp3": [
      506000,
      10031.020408163273
    ],
    "Story_1_Ctanlee_19b2.mp3": [
      517250,
      4179.591836734744
    ],
    "Story_1_Ctanlee_21.mp3": [
      522500,
      4649.795918367317
    ],
    "Story_1_Dialogue_Panicking.mp3": [
      527750,
      3683.2653061223937
    ],
    "Story_1_Dialogue_Puke.mp3": [
      532000,
      5642.448979591791
    ],
    "Story_1_Dialogue_Spirit.mp3": [
      538250,
      1384.4897959183982
    ],
    "Story_1_Ctanlee_20.mp3": [
      540500,
      8306.938775510162
    ],
    "Story_1_Ctanlee_22.mp3": [
      549750,
      6713.46938775514
    ],
    "Story_1_Ctanlee_24.mp3": [
      557000,
      9430.20408163261
    ],
    "Story_1_Ctanlee_25.mp3": [
      567250,
      8385.306122448925
    ]
  },
  "src": [
    "episodes/sprites/episode0/chapter1/dialogue.mp3"
  ]
}
