{
  "sprite": {
    "SFX_SoundTestButton.mp3": [
      0,
      3970.6122448979595
    ],
    "~g/MU_Ambient_Facility_no_notes.mp3": [
      4250,
      145162.44897959183
    ],
    "Story_1_Warcore_1.mp3": [
      150500,
      4440.816326530608
    ],
    "Story_1_Warcore_2.mp3": [
      155750,
      5903.673469387741
    ],
    "Story_1_Warcore_3.mp3": [
      162000,
      7784.489795918375
    ],
    "Story_1_Warcore_4.mp3": [
      170250,
      4989.38775510203
    ],
    "Story_1_Ctanlee_1.mp3": [
      175500,
      3369.7959183673447
    ],
    "Story_1_Ctanlee_2.mp3": [
      179750,
      7862.857142857138
    ],
    "Story_1_Ctanlee_4.mp3": [
      188000,
      2533.877551020396
    ],
    "Story_1_Ctanlee_7.mp3": [
      191250,
      11885.7142857143
    ],
    "Story_1_Ctanlee_8.mp3": [
      203500,
      4623.673469387768
    ],
    "Story_1_Ctanlee_9.mp3": [
      208750,
      4257.959183673478
    ],
    "Story_1_Ctanlee_10.mp3": [
      214000,
      4466.938775510215
    ],
    "Story_1_Ctanlee_11.mp3": [
      219250,
      13609.795918367354
    ],
    "Story_1_Ctanlee_12.mp3": [
      233500,
      10031.020408163273
    ],
    "Story_1_Ctanlee_12b1.mp3": [
      244750,
      7497.142857142848
    ],
    "Story_1_Ctanlee_12b2.mp3": [
      253000,
      7444.897959183663
    ],
    "Story_1_Ctanlee_12c.mp3": [
      261250,
      2821.2244897958954
    ],
    "Story_1_Ctanlee_12d.mp3": [
      264500,
      15203.265306122432
    ],
    "~0/CIN_Intro_Sektimus.mp3": [
      280750,
      89338.77551020407
    ],
    "Story_1_Ctanlee_12e.mp3": [
      371000,
      9377.959183673454
    ],
    "Story_1_Ctanlee_16.mp3": [
      381250,
      20715.102040816306
    ],
    "~0/SFX_Crater.mp3": [
      402500,
      47438.36734693877
    ],
    "Story_1_Ctanlee_17.mp3": [
      450750,
      9978.77551020406
    ],
    "Story_1_Ctanlee_18a.mp3": [
      461000,
      11128.163265306113
    ],
    "Story_1_Ctanlee_18b.mp3": [
      473250,
      6138.775510204085
    ],
    "Story_1_Ctanlee_19.mp3": [
      480500,
      10945.306122448983
    ],
    "Story_1_Ctanlee_19b1.mp3": [
      491750,
      10031.020408163273
    ],
    "Story_1_Ctanlee_19b2.mp3": [
      503000,
      4179.591836734688
    ],
    "Story_1_Ctanlee_21.mp3": [
      508250,
      4649.795918367317
    ],
    "Story_1_Dialogue_Panicking.mp3": [
      513500,
      3683.2653061223937
    ],
    "Story_1_Dialogue_Puke.mp3": [
      517750,
      5642.448979591791
    ],
    "Story_1_Dialogue_Spirit.mp3": [
      524000,
      1384.4897959183982
    ],
    "Story_1_Ctanlee_20.mp3": [
      526250,
      8306.938775510162
    ],
    "Story_1_Ctanlee_22.mp3": [
      535500,
      6713.46938775514
    ],
    "Story_1_Ctanlee_24.mp3": [
      542750,
      9430.20408163261
    ],
    "Story_1_Ctanlee_25.mp3": [
      553000,
      8385.306122448925
    ]
  },
  "src": [
    "episodes/sprites/episode0/chapter1/dialogue.mp3"
  ]
}
