{
  "sprite": {
    "~g/Intro_Credits.mp3?sfx": [
      0,
      13165.714285714286
    ],
    "~0/SFX_Defender_Door_Open.mp3?sfx": [
      14250,
      2612.244897959183
    ],
    "~0/SFX_Sektimus_Fleet_Impacts.mp3?sfx": [
      17500,
      11206.530612244896
    ],
    "~g/SFX_Level_Cadet.mp3?sfx": [
      29750,
      7941.224489795921
    ]
  },
  "src": [
    "episodes/sprites/episode0/chapter1/sfx.mp3"
  ]
}
