{
  "sprite": {
    "~0/SFX_Defender_Door_Open.mp3?sfx": [
      0,
      2612.2448979591836
    ],
    "~0/SFX_Sektimus_Fleet_Impacts.mp3?sfx": [
      3250,
      11206.530612244896
    ],
    "~g/SFX_Level_Cadet.mp3?sfx": [
      15500,
      7941.224489795918
    ]
  },
  "src": [
    "episodes/sprites/episode0/chapter1/sfx.mp3"
  ]
}
