{
  "sprite": {
    "~g/MU_Attack_Music.mp3": [
      0,
      27428.571428571428
    ],
    "Story_5_Ctanlee_19.mp3": [
      28250,
      5799.183673469386
    ],
    "Story_5_Ctanlee_20.mp3": [
      34500,
      2690.612244897956
    ],
    "Story_5_Ctanlee_21.mp3": [
      37750,
      1933.0612244897977
    ],
    "Story_5_Ctanlee_22.mp3": [
      40000,
      6191.020408163268
    ],
    "Story_5_Ctanlee_23.mp3": [
      47250,
      3631.0204081632664
    ],
    "Story_5_Warcore_1.mp3": [
      51500,
      2821.2244897959167
    ],
    "Story_5_Sektimus_1.mp3": [
      54750,
      7784.489795918368
    ],
    "Story_5_Ctanlee_24.mp3": [
      63000,
      5433.469387755096
    ],
    "Story_5_Sektimus_2a.mp3": [
      69250,
      5511.836734693872
    ],
    "Story_5_Sektimus_2b.mp3": [
      75500,
      6739.591836734689
    ],
    "Story_5_Sektimus_2c.mp3": [
      82750,
      11755.102040816326
    ],
    "Story_5_Ctanlee_25.mp3": [
      95000,
      9952.653061224495
    ],
    "Story_5_Sektimus_3.mp3": [
      105250,
      4728.163265306122
    ],
    "Story_5_Ctanlee_26a.mp3": [
      110500,
      6191.020408163268
    ],
    "Story_5_Ctanlee_26b.mp3": [
      117750,
      8228.571428571428
    ],
    "Story_5_Ctanlee_26c.mp3": [
      127000,
      2455.5102040816337
    ],
    "Story_5_Sektimus_4.mp3": [
      130250,
      4388.571428571424
    ],
    "Story_5_Ctanlee_27.mp3": [
      135500,
      3840.0000000000036
    ]
  },
  "src": [
    "episodes/sprites/episode4/chapter2/dialogue.mp3"
  ]
}
