{
  "sprite": {
    "Story_2_Ctanlee_X43.mp3": [
      0,
      6739.591836734694
    ],
    "Story_2_Ctanlee_1.mp3": [
      7250,
      3213.061224489795
    ],
    "Story_2_Ctanlee_2.mp3": [
      11500,
      3056.3265306122444
    ],
    "Story_2_Ctanlee_3.mp3": [
      15750,
      4493.061224489797
    ],
    "~1/SFX_FacilityType_Substation.mp3": [
      21000,
      7601.632653061223
    ],
    "~1/SFX_FacilityType_GenerationPlant.mp3": [
      29250,
      7784.489795918368
    ],
    "~1/SFX_FacilityType_ControlCenter.mp3": [
      37500,
      7601.632653061223
    ],
    "Story_2_Ctanlee_4.mp3": [
      45750,
      3291.4285714285684
    ],
    "Story_2_Ctanlee_31.mp3": [
      50000,
      4075.102040816326
    ],
    "Story_2_Ctanlee_32.mp3": [
      55250,
      4022.8571428571413
    ],
    "Story_2_Ctanlee_33.mp3": [
      60500,
      4545.3061224489775
    ]
  },
  "src": [
    "episodes/sprites/episode1/chapter1/dialogue.mp3"
  ]
}
